timeStamp,elapsed,label,responseCode,responseMessage,threadName,dataType,success,failureMessage,bytes,sentBytes,grpThreads,allThreads,URL,Latency,IdleTime,Connect
1750274190514,4,Characters,200,OK,Thread Group 1-1,text,true,,8117,154,1,1,http://localhost:3001/characters,4,0,2
1750274190518,3,Character,201,Created,Thread Group 1-1,text,true,,278,219,1,1,http://localhost:3001/character,3,0,0
1750274190521,3,PUT character/,200,OK,Thread Group 1-1,text,true,,275,224,1,1,http://localhost:3001/character/206,3,0,0
1750274190524,3,Character/id,200,OK,Thread Group 1-1,text,true,,275,157,2,2,http://localhost:3001/character/206,3,0,0
1750274190524,5,Characters,200,OK,Thread Group 1-2,text,true,,8158,154,2,2,http://localhost:3001/characters,5,0,1
1750274190527,7,DELETE /character/id,200,OK,Thread Group 1-1,text,true,,293,179,2,2,http://localhost:3001/character/206,7,0,0
1750274190530,7,Character,201,Created,Thread Group 1-2,text,true,,278,219,2,2,http://localhost:3001/character,7,0,0
1750274190535,5,Characters,200,OK,Thread Group 1-3,text,true,,8156,154,2,2,http://localhost:3001/characters,5,0,1
1750274190538,4,PUT character/,200,OK,Thread Group 1-2,text,true,,275,224,2,2,http://localhost:3001/character/206,4,0,0
1750274190540,4,Character,201,Created,Thread Group 1-3,text,true,,278,219,3,3,http://localhost:3001/character,4,0,0
1750274190542,6,Character/id,200,OK,Thread Group 1-2,text,true,,275,157,3,3,http://localhost:3001/character/206,5,0,0
1750274190545,6,PUT character/,200,OK,Thread Group 1-3,text,true,,275,224,3,3,http://localhost:3001/character/207,6,0,0
1750274190548,4,DELETE /character/id,200,OK,Thread Group 1-2,text,true,,293,179,3,3,http://localhost:3001/character/206,4,0,0
1750274190551,2,Character/id,200,OK,Thread Group 1-3,text,true,,275,157,3,3,http://localhost:3001/character/207,2,0,0
1750274190544,10,Characters,200,OK,Thread Group 1-4,text,true,,8158,154,3,3,http://localhost:3001/characters,10,0,1
1750274190553,2,DELETE /character/id,200,OK,Thread Group 1-3,text,true,,293,179,3,3,http://localhost:3001/character/207,2,0,0
1750274190554,3,Character,201,Created,Thread Group 1-4,text,true,,278,219,2,2,http://localhost:3001/character,3,0,0
1750274190554,4,Characters,200,OK,Thread Group 1-5,text,true,,8156,154,2,2,http://localhost:3001/characters,4,0,1
1750274190558,2,PUT character/,200,OK,Thread Group 1-4,text,true,,275,224,2,2,http://localhost:3001/character/206,2,0,0
1750274190559,1,Character,201,Created,Thread Group 1-5,text,true,,278,219,2,2,http://localhost:3001/character,1,0,0
1750274190560,2,Character/id,200,OK,Thread Group 1-4,text,true,,275,157,2,2,http://localhost:3001/character/206,1,0,0
1750274190561,2,PUT character/,200,OK,Thread Group 1-5,text,true,,275,224,2,2,http://localhost:3001/character/207,2,0,0
1750274190562,2,DELETE /character/id,200,OK,Thread Group 1-4,text,true,,293,179,3,3,http://localhost:3001/character/206,2,0,0
1750274190563,2,Character/id,200,OK,Thread Group 1-5,text,true,,275,157,2,2,http://localhost:3001/character/207,2,0,0
1750274190566,3,DELETE /character/id,200,OK,Thread Group 1-5,text,true,,293,179,2,2,http://localhost:3001/character/207,3,0,0
1750274190564,6,Characters,200,OK,Thread Group 1-6,text,true,,8117,154,1,1,http://localhost:3001/characters,6,0,1
1750274190571,3,Character,201,Created,Thread Group 1-6,text,true,,278,219,2,2,http://localhost:3001/character,3,0,0
1750274190574,2,PUT character/,200,OK,Thread Group 1-6,text,true,,275,224,2,2,http://localhost:3001/character/206,2,0,0
1750274190574,3,Characters,200,OK,Thread Group 1-7,text,true,,8158,154,2,2,http://localhost:3001/characters,3,0,0
1750274190577,2,Character/id,200,OK,Thread Group 1-6,text,true,,275,157,2,2,http://localhost:3001/character/206,2,0,0
1750274190578,2,Character,201,Created,Thread Group 1-7,text,true,,278,219,2,2,http://localhost:3001/character,2,0,0
1750274190579,2,DELETE /character/id,200,OK,Thread Group 1-6,text,true,,293,179,2,2,http://localhost:3001/character/206,2,0,0
1750274190581,2,PUT character/,200,OK,Thread Group 1-7,text,true,,275,224,1,1,http://localhost:3001/character/207,2,0,0
1750274190583,4,Character/id,200,OK,Thread Group 1-7,text,true,,275,157,1,1,http://localhost:3001/character/207,4,0,0
1750274190587,4,DELETE /character/id,200,OK,Thread Group 1-7,text,true,,293,179,2,2,http://localhost:3001/character/207,4,0,0
1750274190588,5,Characters,200,OK,Thread Group 1-8,text,true,,8117,154,1,1,http://localhost:3001/characters,5,0,1
1750274190593,3,Character,201,Created,Thread Group 1-8,text,true,,278,219,2,2,http://localhost:3001/character,3,0,0
1750274190595,3,Characters,200,OK,Thread Group 1-9,text,true,,8156,154,2,2,http://localhost:3001/characters,3,0,0
1750274190597,2,PUT character/,200,OK,Thread Group 1-8,text,true,,275,224,2,2,http://localhost:3001/character/206,2,0,0
1750274190598,3,Character,201,Created,Thread Group 1-9,text,true,,278,219,2,2,http://localhost:3001/character,3,0,0
1750274190599,3,Character/id,200,OK,Thread Group 1-8,text,true,,275,157,2,2,http://localhost:3001/character/206,3,0,0
1750274190602,2,PUT character/,200,OK,Thread Group 1-9,text,true,,275,224,3,3,http://localhost:3001/character/207,2,0,0
1750274190602,3,DELETE /character/id,200,OK,Thread Group 1-8,text,true,,293,179,3,3,http://localhost:3001/character/206,3,0,0
1750274190604,2,Character/id,200,OK,Thread Group 1-9,text,true,,275,157,2,2,http://localhost:3001/character/207,2,0,0
1750274190604,4,Characters,200,OK,Thread Group 1-10,text,true,,8158,154,2,2,http://localhost:3001/characters,4,0,0
1750274190606,3,DELETE /character/id,200,OK,Thread Group 1-9,text,true,,293,179,2,2,http://localhost:3001/character/207,3,0,0
1750274190608,3,Character,201,Created,Thread Group 1-10,text,true,,278,219,1,1,http://localhost:3001/character,3,0,0
1750274190611,2,PUT character/,200,OK,Thread Group 1-10,text,true,,275,224,1,1,http://localhost:3001/character/206,2,0,0
1750274190614,2,Character/id,200,OK,Thread Group 1-10,text,true,,275,157,2,2,http://localhost:3001/character/206,2,0,0
1750274190616,4,DELETE /character/id,200,OK,Thread Group 1-10,text,true,,293,179,2,2,http://localhost:3001/character/206,4,0,0
1750274190615,5,Characters,200,OK,Thread Group 1-11,text,true,,8117,154,1,1,http://localhost:3001/characters,5,0,0
1750274190621,2,Character,201,Created,Thread Group 1-11,text,true,,278,219,2,2,http://localhost:3001/character,2,0,0
1750274190624,2,PUT character/,200,OK,Thread Group 1-11,text,true,,275,224,2,2,http://localhost:3001/character/206,2,0,0
1750274190624,3,Characters,200,OK,Thread Group 1-12,text,true,,8158,154,2,2,http://localhost:3001/characters,3,0,0
1750274190626,1,Character/id,200,OK,Thread Group 1-11,text,true,,275,157,2,2,http://localhost:3001/character/206,1,0,0
1750274190627,2,Character,201,Created,Thread Group 1-12,text,true,,278,219,2,2,http://localhost:3001/character,1,0,0
1750274190628,1,DELETE /character/id,200,OK,Thread Group 1-11,text,true,,293,179,2,2,http://localhost:3001/character/206,1,0,0
1750274190629,2,PUT character/,200,OK,Thread Group 1-12,text,true,,275,224,1,1,http://localhost:3001/character/207,1,0,0
1750274190631,3,Character/id,200,OK,Thread Group 1-12,text,true,,275,157,1,1,http://localhost:3001/character/207,3,0,0
1750274190634,2,DELETE /character/id,200,OK,Thread Group 1-12,text,true,,293,179,1,1,http://localhost:3001/character/207,2,0,0
1750274190637,3,Characters,200,OK,Thread Group 1-13,text,true,,8117,154,1,1,http://localhost:3001/characters,3,0,0
1750274190640,2,Character,201,Created,Thread Group 1-13,text,true,,278,219,1,1,http://localhost:3001/character,2,0,0
1750274190642,2,PUT character/,200,OK,Thread Group 1-13,text,true,,275,224,2,2,http://localhost:3001/character/206,2,0,0
1750274190644,2,Character/id,200,OK,Thread Group 1-13,text,true,,275,157,2,2,http://localhost:3001/character/206,2,0,0
1750274190644,5,Characters,200,OK,Thread Group 1-14,text,true,,8158,154,2,2,http://localhost:3001/characters,5,0,1
1750274190647,3,DELETE /character/id,200,OK,Thread Group 1-13,text,true,,293,179,2,2,http://localhost:3001/character/206,3,0,0
1750274190649,1,Character,201,Created,Thread Group 1-14,text,true,,278,219,1,1,http://localhost:3001/character,1,0,0
1750274190651,2,PUT character/,200,OK,Thread Group 1-14,text,true,,275,224,1,1,http://localhost:3001/character/206,2,0,0
1750274190653,2,Character/id,200,OK,Thread Group 1-14,text,true,,275,157,1,1,http://localhost:3001/character/206,2,0,0
1750274190655,2,DELETE /character/id,200,OK,Thread Group 1-14,text,true,,293,179,1,1,http://localhost:3001/character/206,2,0,0
1750274190658,3,Characters,200,OK,Thread Group 1-15,text,true,,8117,154,1,1,http://localhost:3001/characters,3,0,1
1750274190661,3,Character,201,Created,Thread Group 1-15,text,true,,278,219,1,1,http://localhost:3001/character,2,0,0
1750274190664,3,PUT character/,200,OK,Thread Group 1-15,text,true,,275,224,2,2,http://localhost:3001/character/206,3,0,0
1750274190664,3,Characters,200,OK,Thread Group 1-16,text,true,,8158,154,2,2,http://localhost:3001/characters,3,0,1
1750274190667,1,Character/id,200,OK,Thread Group 1-15,text,true,,275,157,2,2,http://localhost:3001/character/206,1,0,0
1750274190668,1,Character,201,Created,Thread Group 1-16,text,true,,278,219,2,2,http://localhost:3001/character,1,0,0
1750274190668,2,DELETE /character/id,200,OK,Thread Group 1-15,text,true,,293,179,2,2,http://localhost:3001/character/206,2,0,0
1750274190669,2,PUT character/,200,OK,Thread Group 1-16,text,true,,275,224,1,1,http://localhost:3001/character/207,2,0,0
1750274190672,1,Character/id,200,OK,Thread Group 1-16,text,true,,275,157,1,1,http://localhost:3001/character/207,1,0,0
1750274190673,3,DELETE /character/id,200,OK,Thread Group 1-16,text,true,,293,179,2,2,http://localhost:3001/character/207,3,0,0
1750274190674,4,Characters,200,OK,Thread Group 1-17,text,true,,8117,154,1,1,http://localhost:3001/characters,4,0,1
1750274190678,2,Character,201,Created,Thread Group 1-17,text,true,,278,219,1,1,http://localhost:3001/character,2,0,0
1750274190681,2,PUT character/,200,OK,Thread Group 1-17,text,true,,275,224,1,1,http://localhost:3001/character/206,2,0,0
1750274190683,2,Character/id,200,OK,Thread Group 1-17,text,true,,275,157,2,2,http://localhost:3001/character/206,2,0,0
1750274190683,3,Characters,200,OK,Thread Group 1-18,text,true,,8158,154,2,2,http://localhost:3001/characters,3,0,1
1750274190685,2,DELETE /character/id,200,OK,Thread Group 1-17,text,true,,293,179,2,2,http://localhost:3001/character/206,2,0,0
1750274190686,2,Character,201,Created,Thread Group 1-18,text,true,,278,219,1,1,http://localhost:3001/character,2,0,0
1750274190688,2,PUT character/,200,OK,Thread Group 1-18,text,true,,275,224,1,1,http://localhost:3001/character/206,2,0,0
1750274190690,2,Character/id,200,OK,Thread Group 1-18,text,true,,275,157,1,1,http://localhost:3001/character/206,2,0,0
1750274190692,1,DELETE /character/id,200,OK,Thread Group 1-18,text,true,,293,179,1,1,http://localhost:3001/character/206,1,0,0
1750274190695,4,Characters,200,OK,Thread Group 1-19,text,true,,8117,154,1,1,http://localhost:3001/characters,4,0,1
1750274190700,2,Character,201,Created,Thread Group 1-19,text,true,,278,219,1,1,http://localhost:3001/character,2,0,0
1750274190702,2,PUT character/,200,OK,Thread Group 1-19,text,true,,275,224,1,1,http://localhost:3001/character/206,2,0,0
1750274190704,2,Character/id,200,OK,Thread Group 1-19,text,true,,275,157,1,1,http://localhost:3001/character/206,2,0,0
1750274190706,2,DELETE /character/id,200,OK,Thread Group 1-19,text,true,,293,179,2,2,http://localhost:3001/character/206,2,0,0
1750274190706,3,Characters,200,OK,Thread Group 1-20,text,true,,8117,154,1,1,http://localhost:3001/characters,3,0,1
1750274190709,2,Character,201,Created,Thread Group 1-20,text,true,,278,219,1,1,http://localhost:3001/character,2,0,0
1750274190712,2,PUT character/,200,OK,Thread Group 1-20,text,true,,275,224,1,1,http://localhost:3001/character/206,2,0,0
1750274190714,2,Character/id,200,OK,Thread Group 1-20,text,true,,275,157,2,2,http://localhost:3001/character/206,2,0,0
1750274190714,4,Characters,200,OK,Thread Group 1-21,text,true,,8158,154,2,2,http://localhost:3001/characters,4,0,1
1750274190717,2,DELETE /character/id,200,OK,Thread Group 1-20,text,true,,293,179,2,2,http://localhost:3001/character/206,2,0,0
1750274190718,3,Character,201,Created,Thread Group 1-21,text,true,,278,219,1,1,http://localhost:3001/character,3,0,0
1750274190721,2,PUT character/,200,OK,Thread Group 1-21,text,true,,275,224,1,1,http://localhost:3001/character/206,2,0,0
1750274190723,2,Character/id,200,OK,Thread Group 1-21,text,true,,275,157,1,1,http://localhost:3001/character/206,2,0,0
1750274190725,2,DELETE /character/id,200,OK,Thread Group 1-21,text,true,,293,179,1,1,http://localhost:3001/character/206,2,0,0
1750274190728,3,Characters,200,OK,Thread Group 1-22,text,true,,8117,154,1,1,http://localhost:3001/characters,3,0,0
1750274190732,2,Character,201,Created,Thread Group 1-22,text,true,,278,219,1,1,http://localhost:3001/character,2,0,0
1750274190734,2,PUT character/,200,OK,Thread Group 1-22,text,true,,275,224,1,1,http://localhost:3001/character/206,2,0,0
1750274190736,1,Character/id,200,OK,Thread Group 1-22,text,true,,275,157,1,1,http://localhost:3001/character/206,1,0,0
1750274190738,2,DELETE /character/id,200,OK,Thread Group 1-22,text,true,,293,179,2,2,http://localhost:3001/character/206,2,0,0
1750274190738,3,Characters,200,OK,Thread Group 1-23,text,true,,8117,154,1,1,http://localhost:3001/characters,3,0,0
1750274190741,2,Character,201,Created,Thread Group 1-23,text,true,,278,219,1,1,http://localhost:3001/character,2,0,0
1750274190744,1,PUT character/,200,OK,Thread Group 1-23,text,true,,275,224,2,2,http://localhost:3001/character/206,1,0,0
1750274190746,2,Character/id,200,OK,Thread Group 1-23,text,true,,275,157,2,2,http://localhost:3001/character/206,2,0,0
1750274190746,4,Characters,200,OK,Thread Group 1-24,text,true,,8158,154,2,2,http://localhost:3001/characters,4,0,0
1750274190749,2,DELETE /character/id,200,OK,Thread Group 1-23,text,true,,293,179,2,2,http://localhost:3001/character/206,2,0,0
1750274190750,2,Character,201,Created,Thread Group 1-24,text,true,,278,219,1,1,http://localhost:3001/character,2,0,0
1750274190752,2,PUT character/,200,OK,Thread Group 1-24,text,true,,275,224,2,2,http://localhost:3001/character/206,2,0,0
1750274190754,2,Character/id,200,OK,Thread Group 1-24,text,true,,275,157,2,2,http://localhost:3001/character/206,2,0,0
1750274190754,3,Characters,200,OK,Thread Group 1-25,text,true,,8158,154,2,2,http://localhost:3001/characters,3,0,1
1750274190756,2,DELETE /character/id,200,OK,Thread Group 1-24,text,true,,293,179,2,2,http://localhost:3001/character/206,2,0,0
1750274190757,2,Character,201,Created,Thread Group 1-25,text,true,,278,219,1,1,http://localhost:3001/character,2,0,0
1750274190760,2,PUT character/,200,OK,Thread Group 1-25,text,true,,275,224,1,1,http://localhost:3001/character/206,2,0,0
1750274190762,1,Character/id,200,OK,Thread Group 1-25,text,true,,275,157,1,1,http://localhost:3001/character/206,1,0,0
1750274190764,2,DELETE /character/id,200,OK,Thread Group 1-25,text,true,,293,179,2,2,http://localhost:3001/character/206,2,0,0
1750274190767,2,Characters,200,OK,Thread Group 1-26,text,true,,8117,154,1,1,http://localhost:3001/characters,2,0,0
1750274190769,2,Character,201,Created,Thread Group 1-26,text,true,,278,219,1,1,http://localhost:3001/character,2,0,0
1750274190772,1,PUT character/,200,OK,Thread Group 1-26,text,true,,275,224,1,1,http://localhost:3001/character/206,1,0,0
1750274190774,1,Character/id,200,OK,Thread Group 1-26,text,true,,275,157,1,1,http://localhost:3001/character/206,1,0,0
1750274190775,2,DELETE /character/id,200,OK,Thread Group 1-26,text,true,,293,179,1,1,http://localhost:3001/character/206,2,0,0
1750274190778,3,Characters,200,OK,Thread Group 1-27,text,true,,8117,154,1,1,http://localhost:3001/characters,3,0,0
1750274190781,3,Character,201,Created,Thread Group 1-27,text,true,,278,219,1,1,http://localhost:3001/character,2,0,0
1750274190784,1,PUT character/,200,OK,Thread Group 1-27,text,true,,275,224,1,1,http://localhost:3001/character/206,1,0,0
1750274190785,2,Character/id,200,OK,Thread Group 1-27,text,true,,275,157,1,2,http://localhost:3001/character/206,2,0,0
1750274190787,2,DELETE /character/id,200,OK,Thread Group 1-27,text,true,,293,179,2,2,http://localhost:3001/character/206,2,0,0
1750274190787,4,Characters,200,OK,Thread Group 1-28,text,true,,8117,154,1,1,http://localhost:3001/characters,4,0,0
1750274190791,2,Character,201,Created,Thread Group 1-28,text,true,,278,219,1,1,http://localhost:3001/character,2,0,0
1750274190793,2,PUT character/,200,OK,Thread Group 1-28,text,true,,275,224,1,1,http://localhost:3001/character/206,2,0,0
1750274190795,1,Character/id,200,OK,Thread Group 1-28,text,true,,275,157,1,1,http://localhost:3001/character/206,1,0,0
1750274190797,3,DELETE /character/id,200,OK,Thread Group 1-28,text,true,,293,179,2,2,http://localhost:3001/character/206,3,0,0
1750274190797,4,Characters,200,OK,Thread Group 1-29,text,true,,8117,154,1,1,http://localhost:3001/characters,4,0,2
1750274190802,1,Character,201,Created,Thread Group 1-29,text,true,,278,219,1,1,http://localhost:3001/character,1,0,0
1750274190804,2,PUT character/,200,OK,Thread Group 1-29,text,true,,275,224,1,1,http://localhost:3001/character/206,2,0,0
1750274190806,1,Character/id,200,OK,Thread Group 1-29,text,true,,275,157,1,1,http://localhost:3001/character/206,1,0,0
1750274190807,2,DELETE /character/id,200,OK,Thread Group 1-29,text,true,,293,179,2,2,http://localhost:3001/character/206,2,0,0
1750274190808,3,Characters,200,OK,Thread Group 1-30,text,true,,8117,154,1,1,http://localhost:3001/characters,3,0,1
1750274190811,4,Character,201,Created,Thread Group 1-30,text,true,,278,219,2,2,http://localhost:3001/character,4,0,0
1750274190815,2,PUT character/,200,OK,Thread Group 1-30,text,true,,275,224,2,2,http://localhost:3001/character/206,2,0,0
1750274190815,3,Characters,200,OK,Thread Group 1-31,text,true,,8158,154,2,2,http://localhost:3001/characters,3,0,1
1750274190817,2,Character/id,200,OK,Thread Group 1-30,text,true,,275,157,2,2,http://localhost:3001/character/206,2,0,0
1750274190818,2,Character,201,Created,Thread Group 1-31,text,true,,278,219,2,2,http://localhost:3001/character,2,0,0
1750274190819,1,DELETE /character/id,200,OK,Thread Group 1-30,text,true,,293,179,2,2,http://localhost:3001/character/206,1,0,0
1750274190820,2,PUT character/,200,OK,Thread Group 1-31,text,true,,275,224,1,1,http://localhost:3001/character/207,2,0,0
1750274190822,2,Character/id,200,OK,Thread Group 1-31,text,true,,275,157,2,2,http://localhost:3001/character/207,2,0,0
1750274190824,2,DELETE /character/id,200,OK,Thread Group 1-31,text,true,,293,179,2,2,http://localhost:3001/character/207,2,0,0
1750274190824,3,Characters,200,OK,Thread Group 1-32,text,true,,8117,154,1,1,http://localhost:3001/characters,3,0,0
1750274190828,2,Character,201,Created,Thread Group 1-32,text,true,,278,219,1,1,http://localhost:3001/character,2,0,0
1750274190831,1,PUT character/,200,OK,Thread Group 1-32,text,true,,275,224,1,1,http://localhost:3001/character/206,1,0,0
1750274190833,3,Character/id,200,OK,Thread Group 1-32,text,true,,275,157,2,2,http://localhost:3001/character/206,3,0,0
1750274190836,4,DELETE /character/id,200,OK,Thread Group 1-32,text,true,,293,179,2,2,http://localhost:3001/character/206,4,0,0
1750274190835,6,Characters,200,OK,Thread Group 1-33,text,true,,8117,154,1,1,http://localhost:3001/characters,6,0,1
1750274190842,2,Character,201,Created,Thread Group 1-33,text,true,,278,219,1,1,http://localhost:3001/character,2,0,0
1750274190845,3,PUT character/,200,OK,Thread Group 1-33,text,true,,275,224,2,2,http://localhost:3001/character/206,3,0,0
1750274190848,2,Character/id,200,OK,Thread Group 1-33,text,true,,275,157,2,2,http://localhost:3001/character/206,2,0,0
1750274190848,3,Characters,200,OK,Thread Group 1-34,text,true,,8158,154,2,2,http://localhost:3001/characters,3,0,0
1750274190851,1,DELETE /character/id,200,OK,Thread Group 1-33,text,true,,293,179,2,2,http://localhost:3001/character/206,1,0,0
1750274190851,2,Character,201,Created,Thread Group 1-34,text,true,,278,219,1,1,http://localhost:3001/character,2,0,0
1750274190853,3,PUT character/,200,OK,Thread Group 1-34,text,true,,275,224,2,2,http://localhost:3001/character/206,3,0,0
1750274190853,4,Characters,200,OK,Thread Group 1-35,text,true,,8158,154,2,2,http://localhost:3001/characters,4,0,1
1750274190856,2,Character/id,200,OK,Thread Group 1-34,text,true,,275,157,2,2,http://localhost:3001/character/206,2,0,0
1750274190857,2,Character,201,Created,Thread Group 1-35,text,true,,278,219,2,2,http://localhost:3001/character,2,0,0
1750274190858,2,DELETE /character/id,200,OK,Thread Group 1-34,text,true,,293,179,2,2,http://localhost:3001/character/206,2,0,0
1750274190859,2,PUT character/,200,OK,Thread Group 1-35,text,true,,275,224,1,1,http://localhost:3001/character/207,2,0,0
1750274190861,3,Character/id,200,OK,Thread Group 1-35,text,true,,275,157,1,1,http://localhost:3001/character/207,2,0,0
1750274190864,2,DELETE /character/id,200,OK,Thread Group 1-35,text,true,,293,179,2,2,http://localhost:3001/character/207,2,0,0
1750274190865,3,Characters,200,OK,Thread Group 1-36,text,true,,8117,154,1,1,http://localhost:3001/characters,3,0,1
1750274190869,2,Character,201,Created,Thread Group 1-36,text,true,,278,219,1,1,http://localhost:3001/character,2,0,0
1750274190871,2,PUT character/,200,OK,Thread Group 1-36,text,true,,275,224,1,1,http://localhost:3001/character/206,2,0,0
1750274190873,1,Character/id,200,OK,Thread Group 1-36,text,true,,275,157,1,1,http://localhost:3001/character/206,1,0,0
1750274190875,1,DELETE /character/id,200,OK,Thread Group 1-36,text,true,,293,179,1,1,http://localhost:3001/character/206,1,0,0
1750274190877,3,Characters,200,OK,Thread Group 1-37,text,true,,8117,154,1,1,http://localhost:3001/characters,3,0,0
1750274190881,1,Character,201,Created,Thread Group 1-37,text,true,,278,219,1,1,http://localhost:3001/character,1,0,0
1750274190882,2,PUT character/,200,OK,Thread Group 1-37,text,true,,275,224,1,1,http://localhost:3001/character/206,2,0,0
1750274190884,1,Character/id,200,OK,Thread Group 1-37,text,true,,275,157,1,1,http://localhost:3001/character/206,1,0,0
1750274190885,1,DELETE /character/id,200,OK,Thread Group 1-37,text,true,,293,179,1,1,http://localhost:3001/character/206,1,0,0
1750274190888,3,Characters,200,OK,Thread Group 1-38,text,true,,8117,154,1,1,http://localhost:3001/characters,3,0,0
1750274190891,3,Character,201,Created,Thread Group 1-38,text,true,,278,219,1,1,http://localhost:3001/character,3,0,0
1750274190894,5,PUT character/,200,OK,Thread Group 1-38,text,true,,275,224,2,2,http://localhost:3001/character/206,5,0,0
1750274190896,5,Characters,200,OK,Thread Group 1-39,text,true,,8158,154,2,2,http://localhost:3001/characters,5,0,1
1750274190899,2,Character/id,200,OK,Thread Group 1-38,text,true,,275,157,2,2,http://localhost:3001/character/206,2,0,0
1750274190901,2,Character,201,Created,Thread Group 1-39,text,true,,278,219,2,2,http://localhost:3001/character,2,0,0
1750274190902,1,DELETE /character/id,200,OK,Thread Group 1-38,text,true,,293,179,2,2,http://localhost:3001/character/206,1,0,0
1750274190903,2,PUT character/,200,OK,Thread Group 1-39,text,true,,275,224,2,2,http://localhost:3001/character/207,2,0,0
1750274190906,2,Character/id,200,OK,Thread Group 1-39,text,true,,275,157,2,2,http://localhost:3001/character/207,2,0,0
1750274190904,5,Characters,200,OK,Thread Group 1-40,text,true,,8158,154,2,2,http://localhost:3001/characters,5,0,1
1750274190908,3,DELETE /character/id,200,OK,Thread Group 1-39,text,true,,293,179,2,2,http://localhost:3001/character/207,3,0,0
1750274190910,2,Character,201,Created,Thread Group 1-40,text,true,,278,219,1,1,http://localhost:3001/character,2,0,0
1750274190913,4,PUT character/,200,OK,Thread Group 1-40,text,true,,275,224,2,2,http://localhost:3001/character/206,4,0,0
1750274190917,3,Character/id,200,OK,Thread Group 1-40,text,true,,275,157,2,2,http://localhost:3001/character/206,3,0,0
1750274190916,5,Characters,200,OK,Thread Group 1-41,text,true,,8158,154,2,2,http://localhost:3001/characters,5,0,0
1750274190920,2,DELETE /character/id,200,OK,Thread Group 1-40,text,true,,293,179,2,2,http://localhost:3001/character/206,2,0,0
1750274190921,3,Character,201,Created,Thread Group 1-41,text,true,,278,219,1,1,http://localhost:3001/character,3,0,0
1750274190924,3,PUT character/,200,OK,Thread Group 1-41,text,true,,275,224,2,2,http://localhost:3001/character/206,3,0,0
1750274190925,4,Characters,200,OK,Thread Group 1-42,text,true,,8158,154,2,2,http://localhost:3001/characters,4,0,0
1750274190928,2,Character/id,200,OK,Thread Group 1-41,text,true,,275,157,2,2,http://localhost:3001/character/206,2,0,0
1750274190929,4,Character,201,Created,Thread Group 1-42,text,true,,278,219,2,2,http://localhost:3001/character,4,0,0
1750274190931,3,DELETE /character/id,200,OK,Thread Group 1-41,text,true,,293,179,3,3,http://localhost:3001/character/206,3,0,0
1750274190933,4,PUT character/,200,OK,Thread Group 1-42,text,true,,275,224,2,2,http://localhost:3001/character/207,4,0,0
1750274190937,2,Character/id,200,OK,Thread Group 1-42,text,true,,275,157,2,2,http://localhost:3001/character/207,2,0,0
1750274190935,6,Characters,200,OK,Thread Group 1-43,text,true,,8158,154,2,2,http://localhost:3001/characters,6,0,0
1750274190939,3,DELETE /character/id,200,OK,Thread Group 1-42,text,true,,293,179,2,2,http://localhost:3001/character/207,3,0,0
1750274190941,3,Character,201,Created,Thread Group 1-43,text,true,,278,219,1,1,http://localhost:3001/character,3,0,0
1750274190944,6,PUT character/,200,OK,Thread Group 1-43,text,true,,275,224,2,2,http://localhost:3001/character/206,6,0,0
1750274190946,7,Characters,200,OK,Thread Group 1-44,text,true,,8158,154,2,2,http://localhost:3001/characters,7,0,1
1750274190950,5,Character/id,200,OK,Thread Group 1-43,text,true,,275,157,3,3,http://localhost:3001/character/206,5,0,0
1750274190954,4,Character,201,Created,Thread Group 1-44,text,true,,278,219,3,3,http://localhost:3001/character,4,0,0
1750274190955,4,DELETE /character/id,200,OK,Thread Group 1-43,text,true,,293,179,3,3,http://localhost:3001/character/206,4,0,0
1750274190954,7,Characters,200,OK,Thread Group 1-45,text,true,,8156,154,2,2,http://localhost:3001/characters,7,0,1
1750274190958,7,PUT character/,200,OK,Thread Group 1-44,text,true,,275,224,2,2,http://localhost:3001/character/207,7,0,0
1750274190964,4,Character,201,Created,Thread Group 1-45,text,true,,278,219,3,3,http://localhost:3001/character,4,0,0
1750274190965,5,Character/id,200,OK,Thread Group 1-44,text,true,,275,157,3,3,http://localhost:3001/character/207,5,0,0
1750274190968,4,PUT character/,200,OK,Thread Group 1-45,text,true,,275,224,3,3,http://localhost:3001/character/207,4,0,0
1750274190967,8,Characters,200,OK,Thread Group 1-46,text,true,,8197,154,3,3,http://localhost:3001/characters,7,0,0
1750274190973,3,Character/id,200,OK,Thread Group 1-45,text,true,,275,157,3,3,http://localhost:3001/character/207,3,0,0
1750274190970,7,DELETE /character/id,200,OK,Thread Group 1-44,text,true,,293,179,3,3,http://localhost:3001/character/207,7,0,0
1750274190976,2,DELETE /character/id,200,OK,Thread Group 1-45,text,true,,293,179,3,3,http://localhost:3001/character/207,2,0,0
1750274190975,6,Character,201,Created,Thread Group 1-46,text,true,,278,219,2,2,http://localhost:3001/character,6,0,0
1750274190978,6,Characters,200,OK,Thread Group 1-47,text,true,,8156,154,2,2,http://localhost:3001/characters,6,0,1
1750274190982,3,PUT character/,200,OK,Thread Group 1-46,text,true,,275,224,2,2,http://localhost:3001/character/206,3,0,0
1750274190984,4,Character,201,Created,Thread Group 1-47,text,true,,278,219,2,2,http://localhost:3001/character,4,0,0
1750274190985,4,Character/id,200,OK,Thread Group 1-46,text,true,,275,157,3,3,http://localhost:3001/character/206,3,0,0
1750274190988,4,PUT character/,200,OK,Thread Group 1-47,text,true,,275,224,3,3,http://localhost:3001/character/207,4,0,0
1750274190989,4,DELETE /character/id,200,OK,Thread Group 1-46,text,true,,293,179,3,3,http://localhost:3001/character/206,4,0,0
1750274190989,5,Characters,200,OK,Thread Group 1-48,text,true,,8158,154,2,2,http://localhost:3001/characters,5,0,0
1750274190992,4,Character/id,200,OK,Thread Group 1-47,text,true,,275,157,3,3,http://localhost:3001/character/207,4,0,0
1750274190995,5,Character,201,Created,Thread Group 1-48,text,true,,278,219,3,3,http://localhost:3001/character,5,0,0
1750274190996,5,DELETE /character/id,200,OK,Thread Group 1-47,text,true,,293,179,3,3,http://localhost:3001/character/207,5,0,0
1750274191000,3,PUT character/,200,OK,Thread Group 1-48,text,true,,275,224,2,2,http://localhost:3001/character/207,3,0,0
1750274190996,8,Characters,200,OK,Thread Group 1-49,text,true,,8158,154,3,3,http://localhost:3001/characters,8,0,2
1750274191004,2,Character/id,200,OK,Thread Group 1-48,text,true,,275,157,3,3,http://localhost:3001/character/207,2,0,0
1750274191005,2,Character,201,Created,Thread Group 1-49,text,true,,278,219,3,3,http://localhost:3001/character,2,0,0
1750274191007,2,DELETE /character/id,200,OK,Thread Group 1-48,text,true,,293,179,3,3,http://localhost:3001/character/207,2,0,0
1750274191004,7,Characters,200,OK,Thread Group 1-50,text,true,,8156,154,2,2,http://localhost:3001/characters,7,0,1
1750274191008,5,PUT character/,200,OK,Thread Group 1-49,text,true,,275,224,2,2,http://localhost:3001/character/207,5,0,0
1750274191011,5,Character,201,Created,Thread Group 1-50,text,true,,278,219,2,2,http://localhost:3001/character,5,0,0
1750274191013,4,Character/id,200,OK,Thread Group 1-49,text,true,,275,157,2,2,http://localhost:3001/character/207,4,0,0
1750274191017,6,PUT character/,200,OK,Thread Group 1-50,text,true,,275,224,3,3,http://localhost:3001/character/207,6,0,0
1750274191017,6,DELETE /character/id,200,OK,Thread Group 1-49,text,true,,293,179,3,3,http://localhost:3001/character/207,6,0,0
1750274191018,9,Characters,200,OK,Thread Group 1-51,text,true,,8156,154,3,3,http://localhost:3001/characters,9,0,1
1750274191023,5,Character/id,200,OK,Thread Group 1-50,text,true,,273,157,3,3,http://localhost:3001/character/207,5,0,0
1750274191027,6,Character,201,Created,Thread Group 1-51,text,true,,278,219,3,3,http://localhost:3001/character,6,0,0
1750274191028,6,DELETE /character/id,200,OK,Thread Group 1-50,text,true,,293,179,3,3,http://localhost:3001/character/207,6,0,0
1750274191033,3,PUT character/,200,OK,Thread Group 1-51,text,true,,275,224,3,3,http://localhost:3001/character/207,3,0,0
1750274191025,12,Characters,200,OK,Thread Group 1-52,text,true,,8158,154,3,3,http://localhost:3001/characters,12,0,2
1750274191036,2,Character/id,200,OK,Thread Group 1-51,text,true,,275,157,3,3,http://localhost:3001/character/207,2,0,0
1750274191037,3,Character,201,Created,Thread Group 1-52,text,true,,278,219,3,3,http://localhost:3001/character,3,0,0
1750274191035,7,Characters,200,OK,Thread Group 1-53,text,true,,8197,154,3,3,http://localhost:3001/characters,7,0,1
1750274191039,4,DELETE /character/id,200,OK,Thread Group 1-51,text,true,,293,179,3,3,http://localhost:3001/character/207,4,0,0
1750274191041,3,PUT character/,200,OK,Thread Group 1-52,text,true,,275,224,3,3,http://localhost:3001/character/207,3,0,0
1750274191042,5,Character,201,Created,Thread Group 1-53,text,true,,278,219,3,3,http://localhost:3001/character,5,0,0
1750274191044,5,Character/id,200,OK,Thread Group 1-52,text,true,,275,157,3,3,http://localhost:3001/character/207,5,0,0
1750274191048,3,PUT character/,200,OK,Thread Group 1-53,text,true,,275,224,3,3,http://localhost:3001/character/207,3,0,0
1750274191050,2,DELETE /character/id,200,OK,Thread Group 1-52,text,true,,293,179,3,3,http://localhost:3001/character/207,2,0,0
1750274191065,2,Characters,200,OK,Thread Group 1-56,text,true,,8156,154,4,4,http://localhost:3001/characters,2,0,0
1750274191057,3,Characters,200,OK,Thread Group 1-55,text,true,,8156,154,3,3,http://localhost:3001/characters,3,0,1
1750274191044,10,Characters,200,OK,Thread Group 1-54,text,true,,8156,154,2,2,http://localhost:3001/characters,10,0,1
1750274191052,3,Character/id,200,OK,Thread Group 1-53,text,true,,273,157,2,2,http://localhost:3001/character/207,3,0,0
1750274191072,2,Character,201,Created,Thread Group 1-56,text,true,,278,219,4,4,http://localhost:3001/character,2,0,0
1750274191072,3,DELETE /character/id,200,OK,Thread Group 1-53,text,true,,293,179,4,4,http://localhost:3001/character/207,3,0,0
1750274191072,4,Character,201,Created,Thread Group 1-54,text,true,,278,219,4,4,http://localhost:3001/character,4,0,0
1750274191072,5,Character,201,Created,Thread Group 1-55,text,true,,278,219,4,4,http://localhost:3001/character,5,0,0
1750274191074,4,PUT character/,200,OK,Thread Group 1-56,text,true,,275,224,4,4,http://localhost:3001/character/207,4,0,0
1750274191076,5,PUT character/,200,OK,Thread Group 1-54,text,true,,275,224,4,4,http://localhost:3001/character/207,5,0,0
1750274191078,4,Character/id,200,OK,Thread Group 1-56,text,true,,275,157,4,4,http://localhost:3001/character/207,4,0,0
1750274191078,6,PUT character/,200,OK,Thread Group 1-55,text,true,,275,224,4,4,http://localhost:3001/character/208,6,0,0
1750274191082,3,DELETE /character/id,200,OK,Thread Group 1-56,text,true,,293,179,4,4,http://localhost:3001/character/207,3,0,0
1750274191081,5,Character/id,200,OK,Thread Group 1-54,text,true,,273,157,3,3,http://localhost:3001/character/207,5,0,0
1750274191075,12,Characters,200,OK,Thread Group 1-57,text,true,,8197,154,3,3,http://localhost:3001/characters,12,0,1
1750274191086,5,DELETE /character/id,200,OK,Thread Group 1-54,text,true,,293,179,4,4,http://localhost:3001/character/207,5,0,0
1750274191084,9,Character/id,200,OK,Thread Group 1-55,text,true,,275,157,3,3,http://localhost:3001/character/208,9,0,0
1750274191087,9,Character,201,Created,Thread Group 1-57,text,true,,278,219,3,3,http://localhost:3001/character,9,0,0
1750274191093,7,DELETE /character/id,200,OK,Thread Group 1-55,text,true,,293,179,4,4,http://localhost:3001/character/208,7,0,0
1750274191088,14,Characters,200,OK,Thread Group 1-58,text,true,,8156,154,3,3,http://localhost:3001/characters,14,0,1
1750274191096,9,PUT character/,200,OK,Thread Group 1-57,text,true,,275,224,3,3,http://localhost:3001/character/207,8,0,0
1750274191105,1,Character/id,200,OK,Thread Group 1-57,text,true,,275,157,3,3,http://localhost:3001/character/207,1,0,0
1750274191102,5,Character,201,Created,Thread Group 1-58,text,true,,278,219,3,3,http://localhost:3001/character,5,0,0
1750274191098,10,Characters,200,OK,Thread Group 1-59,text,true,,8197,154,4,4,http://localhost:3001/characters,10,0,2
1750274191107,4,DELETE /character/id,200,OK,Thread Group 1-57,text,true,,293,179,4,4,http://localhost:3001/character/207,4,0,0
1750274191108,5,PUT character/,200,OK,Thread Group 1-58,text,true,,275,224,3,3,http://localhost:3001/character/207,4,0,0
1750274191109,7,Character,201,Created,Thread Group 1-59,text,true,,278,219,4,4,http://localhost:3001/character,7,0,0
1750274191114,3,Character/id,200,OK,Thread Group 1-58,text,true,,275,157,4,4,http://localhost:3001/character/207,3,0,0
1750274191108,11,Characters,200,OK,Thread Group 1-60,text,true,,8197,154,4,4,http://localhost:3001/characters,11,0,1
1750274191118,2,DELETE /character/id,200,OK,Thread Group 1-58,text,true,,293,179,4,4,http://localhost:3001/character/207,2,0,0
1750274191116,5,PUT character/,200,OK,Thread Group 1-59,text,true,,275,224,3,3,http://localhost:3001/character/207,5,0,0
1750274191119,4,Character,201,Created,Thread Group 1-60,text,true,,278,219,3,3,http://localhost:3001/character,4,0,0
1750274191115,10,Characters,200,OK,Thread Group 1-61,text,true,,8197,154,4,4,http://localhost:3001/characters,10,0,1
1750274191123,4,PUT character/,200,OK,Thread Group 1-60,text,true,,275,224,4,4,http://localhost:3001/character/207,4,0,0
1750274191121,7,Character/id,200,OK,Thread Group 1-59,text,true,,275,157,4,4,http://localhost:3001/character/207,7,0,0
1750274191127,3,Character/id,200,OK,Thread Group 1-60,text,true,,275,157,4,4,http://localhost:3001/character/207,3,0,0
1750274191125,7,Character,201,Created,Thread Group 1-61,text,true,,278,219,4,4,http://localhost:3001/character,7,0,0
1750274191130,3,DELETE /character/id,200,OK,Thread Group 1-60,text,true,,293,179,4,4,http://localhost:3001/character/207,3,0,0
1750274191129,4,DELETE /character/id,200,OK,Thread Group 1-59,text,true,,293,179,3,3,http://localhost:3001/character/207,4,0,0
1750274191125,9,Characters,200,OK,Thread Group 1-62,text,true,,8156,154,3,3,http://localhost:3001/characters,9,0,1
1750274191132,4,PUT character/,200,OK,Thread Group 1-61,text,true,,275,224,3,3,http://localhost:3001/character/208,4,0,0
1750274191135,3,Character,201,Created,Thread Group 1-62,text,true,,278,219,3,3,http://localhost:3001/character,3,0,0
1750274191136,2,Character/id,200,OK,Thread Group 1-61,text,true,,275,157,3,3,http://localhost:3001/character/208,2,0,0
1750274191134,5,Characters,200,OK,Thread Group 1-63,text,true,,8197,154,3,3,http://localhost:3001/characters,5,0,0
1750274191138,2,DELETE /character/id,200,OK,Thread Group 1-61,text,true,,293,179,3,3,http://localhost:3001/character/208,2,0,0
1750274191138,3,PUT character/,200,OK,Thread Group 1-62,text,true,,275,224,2,2,http://localhost:3001/character/207,3,0,0
1750274191139,3,Character,201,Created,Thread Group 1-63,text,true,,278,219,2,2,http://localhost:3001/character,3,0,0
1750274191141,3,Character/id,200,OK,Thread Group 1-62,text,true,,275,157,2,2,http://localhost:3001/character/207,3,0,0
1750274191143,2,PUT character/,200,OK,Thread Group 1-63,text,true,,275,224,2,2,http://localhost:3001/character/207,2,0,0
1750274191144,2,DELETE /character/id,200,OK,Thread Group 1-62,text,true,,293,179,2,2,http://localhost:3001/character/207,2,0,0
1750274191145,3,Character/id,200,OK,Thread Group 1-63,text,true,,273,157,1,1,http://localhost:3001/character/207,3,0,0
1750274191148,2,DELETE /character/id,200,OK,Thread Group 1-63,text,true,,293,179,2,2,http://localhost:3001/character/207,2,0,0
1750274191148,4,Characters,200,OK,Thread Group 1-64,text,true,,8117,154,1,1,http://localhost:3001/characters,4,0,1
1750274191152,2,Character,201,Created,Thread Group 1-64,text,true,,278,219,1,1,http://localhost:3001/character,2,0,0
1750274191155,2,PUT character/,200,OK,Thread Group 1-64,text,true,,275,224,1,1,http://localhost:3001/character/206,2,0,0
1750274191157,2,Character/id,200,OK,Thread Group 1-64,text,true,,275,157,2,2,http://localhost:3001/character/206,2,0,0
1750274191157,3,Characters,200,OK,Thread Group 1-65,text,true,,8158,154,2,2,http://localhost:3001/characters,3,0,1
1750274191159,2,DELETE /character/id,200,OK,Thread Group 1-64,text,true,,293,179,2,2,http://localhost:3001/character/206,2,0,0
1750274191160,2,Character,201,Created,Thread Group 1-65,text,true,,278,219,1,1,http://localhost:3001/character,2,0,0
1750274191163,2,PUT character/,200,OK,Thread Group 1-65,text,true,,275,224,1,1,http://localhost:3001/character/206,2,0,0
1750274191166,1,Character/id,200,OK,Thread Group 1-65,text,true,,275,157,2,2,http://localhost:3001/character/206,1,0,0
1750274191167,2,DELETE /character/id,200,OK,Thread Group 1-65,text,true,,293,179,2,2,http://localhost:3001/character/206,2,0,0
1750274191167,3,Characters,200,OK,Thread Group 1-66,text,true,,8117,154,1,1,http://localhost:3001/characters,3,0,1
1750274191170,2,Character,201,Created,Thread Group 1-66,text,true,,278,219,1,1,http://localhost:3001/character,2,0,0
1750274191172,2,PUT character/,200,OK,Thread Group 1-66,text,true,,275,224,1,1,http://localhost:3001/character/206,2,0,0
1750274191174,2,Character/id,200,OK,Thread Group 1-66,text,true,,275,157,2,2,http://localhost:3001/character/206,2,0,0
1750274191176,2,DELETE /character/id,200,OK,Thread Group 1-66,text,true,,293,179,2,2,http://localhost:3001/character/206,2,0,0
1750274191176,5,Characters,200,OK,Thread Group 1-67,text,true,,8117,154,1,1,http://localhost:3001/characters,5,0,1
1750274191181,2,Character,201,Created,Thread Group 1-67,text,true,,278,219,1,1,http://localhost:3001/character,2,0,0
1750274191183,1,PUT character/,200,OK,Thread Group 1-67,text,true,,275,224,1,1,http://localhost:3001/character/206,1,0,0
1750274191184,1,Character/id,200,OK,Thread Group 1-67,text,true,,275,157,1,1,http://localhost:3001/character/206,1,0,0
1750274191185,2,DELETE /character/id,200,OK,Thread Group 1-67,text,true,,293,179,1,1,http://localhost:3001/character/206,2,0,0
1750274191188,3,Characters,200,OK,Thread Group 1-68,text,true,,8117,154,1,1,http://localhost:3001/characters,3,0,1
1750274191191,2,Character,201,Created,Thread Group 1-68,text,true,,278,219,1,1,http://localhost:3001/character,2,0,0
1750274191194,1,PUT character/,200,OK,Thread Group 1-68,text,true,,275,224,1,1,http://localhost:3001/character/206,1,0,0
1750274191196,2,Character/id,200,OK,Thread Group 1-68,text,true,,275,157,2,2,http://localhost:3001/character/206,2,0,0
1750274191197,3,Characters,200,OK,Thread Group 1-69,text,true,,8158,154,2,2,http://localhost:3001/characters,3,0,1
1750274191199,2,DELETE /character/id,200,OK,Thread Group 1-68,text,true,,293,179,2,2,http://localhost:3001/character/206,2,0,0
1750274191200,2,Character,201,Created,Thread Group 1-69,text,true,,278,219,1,1,http://localhost:3001/character,2,0,0
1750274191202,2,PUT character/,200,OK,Thread Group 1-69,text,true,,275,224,2,2,http://localhost:3001/character/206,2,0,0
1750274191204,2,Character/id,200,OK,Thread Group 1-69,text,true,,275,157,2,2,http://localhost:3001/character/206,2,0,0
1750274191204,3,Characters,200,OK,Thread Group 1-70,text,true,,8158,154,2,2,http://localhost:3001/characters,3,0,1
1750274191206,2,DELETE /character/id,200,OK,Thread Group 1-69,text,true,,293,179,2,2,http://localhost:3001/character/206,2,0,0
1750274191207,2,Character,201,Created,Thread Group 1-70,text,true,,278,219,1,1,http://localhost:3001/character,2,0,0
1750274191209,3,PUT character/,200,OK,Thread Group 1-70,text,true,,275,224,1,1,http://localhost:3001/character/206,3,0,0
1750274191212,2,Character/id,200,OK,Thread Group 1-70,text,true,,275,157,1,1,http://localhost:3001/character/206,1,0,0
1750274191214,2,DELETE /character/id,200,OK,Thread Group 1-70,text,true,,293,179,2,2,http://localhost:3001/character/206,2,0,0
1750274191216,3,Characters,200,OK,Thread Group 1-71,text,true,,8117,154,1,1,http://localhost:3001/characters,3,0,1
1750274191219,2,Character,201,Created,Thread Group 1-71,text,true,,278,219,1,1,http://localhost:3001/character,2,0,0
1750274191221,2,PUT character/,200,OK,Thread Group 1-71,text,true,,275,224,1,1,http://localhost:3001/character/206,2,0,0
1750274191223,1,Character/id,200,OK,Thread Group 1-71,text,true,,275,157,1,1,http://localhost:3001/character/206,1,0,0
1750274191225,2,DELETE /character/id,200,OK,Thread Group 1-71,text,true,,293,179,2,2,http://localhost:3001/character/206,1,0,0
1750274191225,4,Characters,200,OK,Thread Group 1-72,text,true,,8117,154,1,1,http://localhost:3001/characters,4,0,1
1750274191230,2,Character,201,Created,Thread Group 1-72,text,true,,278,219,1,1,http://localhost:3001/character,2,0,0
1750274191232,2,PUT character/,200,OK,Thread Group 1-72,text,true,,275,224,1,1,http://localhost:3001/character/206,2,0,0
1750274191234,1,Character/id,200,OK,Thread Group 1-72,text,true,,275,157,1,1,http://localhost:3001/character/206,1,0,0
1750274191235,1,DELETE /character/id,200,OK,Thread Group 1-72,text,true,,293,179,1,1,http://localhost:3001/character/206,1,0,0
1750274191237,3,Characters,200,OK,Thread Group 1-73,text,true,,8117,154,1,1,http://localhost:3001/characters,3,0,1
1750274191240,2,Character,201,Created,Thread Group 1-73,text,true,,278,219,1,1,http://localhost:3001/character,2,0,0
1750274191243,1,PUT character/,200,OK,Thread Group 1-73,text,true,,275,224,1,1,http://localhost:3001/character/206,1,0,0
1750274191245,2,Character/id,200,OK,Thread Group 1-73,text,true,,275,157,2,2,http://localhost:3001/character/206,2,0,0
1750274191247,2,DELETE /character/id,200,OK,Thread Group 1-73,text,true,,293,179,2,2,http://localhost:3001/character/206,2,0,0
1750274191248,2,Characters,200,OK,Thread Group 1-74,text,true,,8117,154,1,1,http://localhost:3001/characters,2,0,0
1750274191250,2,Character,201,Created,Thread Group 1-74,text,true,,278,219,1,1,http://localhost:3001/character,2,0,0
1750274191253,1,PUT character/,200,OK,Thread Group 1-74,text,true,,275,224,1,1,http://localhost:3001/character/206,1,0,0
1750274191255,1,Character/id,200,OK,Thread Group 1-74,text,true,,275,157,2,2,http://localhost:3001/character/206,1,0,0
1750274191255,3,Characters,200,OK,Thread Group 1-75,text,true,,8158,154,2,2,http://localhost:3001/characters,3,0,0
1750274191257,2,DELETE /character/id,200,OK,Thread Group 1-74,text,true,,293,179,2,2,http://localhost:3001/character/206,2,0,0
1750274191258,2,Character,201,Created,Thread Group 1-75,text,true,,278,219,1,1,http://localhost:3001/character,2,0,0
1750274191260,2,PUT character/,200,OK,Thread Group 1-75,text,true,,275,224,1,1,http://localhost:3001/character/206,2,0,0
1750274191262,3,Character/id,200,OK,Thread Group 1-75,text,true,,275,157,2,2,http://localhost:3001/character/206,3,0,0
1750274191266,1,DELETE /character/id,200,OK,Thread Group 1-75,text,true,,293,179,2,2,http://localhost:3001/character/206,1,0,0
1750274191264,4,Characters,200,OK,Thread Group 1-76,text,true,,8117,154,1,1,http://localhost:3001/characters,4,0,1
1750274191268,2,Character,201,Created,Thread Group 1-76,text,true,,278,219,1,1,http://localhost:3001/character,2,0,0
1750274191270,2,PUT character/,200,OK,Thread Group 1-76,text,true,,275,224,1,1,http://localhost:3001/character/206,1,0,0
1750274191272,1,Character/id,200,OK,Thread Group 1-76,text,true,,275,157,1,1,http://localhost:3001/character/206,1,0,0
1750274191273,3,DELETE /character/id,200,OK,Thread Group 1-76,text,true,,293,179,2,2,http://localhost:3001/character/206,3,0,0
1750274191274,3,Characters,200,OK,Thread Group 1-77,text,true,,8117,154,1,1,http://localhost:3001/characters,3,0,0
1750274191277,2,Character,201,Created,Thread Group 1-77,text,true,,278,219,1,1,http://localhost:3001/character,2,0,0
1750274191279,3,PUT character/,200,OK,Thread Group 1-77,text,true,,275,224,1,1,http://localhost:3001/character/206,3,0,0
1750274191282,1,Character/id,200,OK,Thread Group 1-77,text,true,,275,157,1,1,http://localhost:3001/character/206,1,0,0
1750274191283,1,DELETE /character/id,200,OK,Thread Group 1-77,text,true,,293,179,1,1,http://localhost:3001/character/206,1,0,0
1750274191288,2,Characters,200,OK,Thread Group 1-78,text,true,,8117,154,1,1,http://localhost:3001/characters,2,0,0
1750274191291,1,Character,201,Created,Thread Group 1-78,text,true,,278,219,1,1,http://localhost:3001/character,1,0,0
1750274191293,1,PUT character/,200,OK,Thread Group 1-78,text,true,,275,224,1,1,http://localhost:3001/character/206,1,0,0
1750274191294,3,Character/id,200,OK,Thread Group 1-78,text,true,,275,157,2,2,http://localhost:3001/character/206,3,0,0
1750274191297,2,DELETE /character/id,200,OK,Thread Group 1-78,text,true,,293,179,2,2,http://localhost:3001/character/206,2,0,0
1750274191297,3,Characters,200,OK,Thread Group 1-79,text,true,,8117,154,1,1,http://localhost:3001/characters,3,0,0
1750274191300,2,Character,201,Created,Thread Group 1-79,text,true,,278,219,1,1,http://localhost:3001/character,2,0,0
1750274191302,1,PUT character/,200,OK,Thread Group 1-79,text,true,,275,224,1,1,http://localhost:3001/character/206,1,0,0
1750274191304,1,Character/id,200,OK,Thread Group 1-79,text,true,,275,157,1,1,http://localhost:3001/character/206,1,0,0
1750274191305,2,DELETE /character/id,200,OK,Thread Group 1-79,text,true,,293,179,2,2,http://localhost:3001/character/206,2,0,0
1750274191306,3,Characters,200,OK,Thread Group 1-80,text,true,,8117,154,1,1,http://localhost:3001/characters,3,0,0
1750274191309,2,Character,201,Created,Thread Group 1-80,text,true,,278,219,1,1,http://localhost:3001/character,2,0,0
1750274191312,2,PUT character/,200,OK,Thread Group 1-80,text,true,,275,224,1,1,http://localhost:3001/character/206,2,0,0
1750274191315,1,Character/id,200,OK,Thread Group 1-80,text,true,,275,157,2,2,http://localhost:3001/character/206,1,0,0
1750274191315,2,Characters,200,OK,Thread Group 1-81,text,true,,8158,154,2,2,http://localhost:3001/characters,2,0,0
1750274191317,1,DELETE /character/id,200,OK,Thread Group 1-80,text,true,,293,179,2,2,http://localhost:3001/character/206,1,0,0
1750274191318,1,Character,201,Created,Thread Group 1-81,text,true,,278,219,1,1,http://localhost:3001/character,1,0,0
1750274191319,2,PUT character/,200,OK,Thread Group 1-81,text,true,,275,224,1,1,http://localhost:3001/character/206,2,0,0
1750274191322,1,Character/id,200,OK,Thread Group 1-81,text,true,,275,157,1,1,http://localhost:3001/character/206,1,0,0
1750274191323,3,DELETE /character/id,200,OK,Thread Group 1-81,text,true,,293,179,2,2,http://localhost:3001/character/206,3,0,0
1750274191324,3,Characters,200,OK,Thread Group 1-82,text,true,,8117,154,1,1,http://localhost:3001/characters,3,0,0
1750274191327,1,Character,201,Created,Thread Group 1-82,text,true,,278,219,1,1,http://localhost:3001/character,1,0,0
1750274191329,3,PUT character/,200,OK,Thread Group 1-82,text,true,,275,224,1,1,http://localhost:3001/character/206,3,0,0
1750274191332,1,Character/id,200,OK,Thread Group 1-82,text,true,,275,157,1,1,http://localhost:3001/character/206,1,0,0
1750274191333,1,DELETE /character/id,200,OK,Thread Group 1-82,text,true,,293,179,1,1,http://localhost:3001/character/206,1,0,0
1750274191338,4,Characters,200,OK,Thread Group 1-83,text,true,,8117,154,1,1,http://localhost:3001/characters,4,0,1
1750274191342,2,Character,201,Created,Thread Group 1-83,text,true,,278,219,1,1,http://localhost:3001/character,2,0,0
1750274191344,3,PUT character/,200,OK,Thread Group 1-83,text,true,,275,224,1,1,http://localhost:3001/character/206,3,0,0
1750274191347,1,Character/id,200,OK,Thread Group 1-83,text,true,,275,157,1,1,http://localhost:3001/character/206,1,0,0
1750274191348,2,DELETE /character/id,200,OK,Thread Group 1-83,text,true,,293,179,2,2,http://localhost:3001/character/206,2,0,0
1750274191349,2,Characters,200,OK,Thread Group 1-84,text,true,,8117,154,1,1,http://localhost:3001/characters,2,0,0
1750274191352,1,Character,201,Created,Thread Group 1-84,text,true,,278,219,1,1,http://localhost:3001/character,1,0,0
1750274191354,2,PUT character/,200,OK,Thread Group 1-84,text,true,,275,224,2,2,http://localhost:3001/character/206,2,0,0
1750274191354,3,Characters,200,OK,Thread Group 1-85,text,true,,8158,154,2,2,http://localhost:3001/characters,3,0,1
1750274191356,2,Character/id,200,OK,Thread Group 1-84,text,true,,275,157,2,2,http://localhost:3001/character/206,2,0,0
1750274191357,2,Character,201,Created,Thread Group 1-85,text,true,,278,219,2,2,http://localhost:3001/character,2,0,0
1750274191358,1,DELETE /character/id,200,OK,Thread Group 1-84,text,true,,293,179,2,2,http://localhost:3001/character/206,1,0,0
1750274191359,2,PUT character/,200,OK,Thread Group 1-85,text,true,,275,224,1,1,http://localhost:3001/character/207,2,0,0
1750274191361,3,Character/id,200,OK,Thread Group 1-85,text,true,,275,157,1,1,http://localhost:3001/character/207,3,0,0
1750274191364,2,DELETE /character/id,200,OK,Thread Group 1-85,text,true,,293,179,1,1,http://localhost:3001/character/207,2,0,0
1750274191366,3,Characters,200,OK,Thread Group 1-86,text,true,,8117,154,1,1,http://localhost:3001/characters,3,0,1
1750274191369,2,Character,201,Created,Thread Group 1-86,text,true,,278,219,1,1,http://localhost:3001/character,2,0,0
1750274191371,2,PUT character/,200,OK,Thread Group 1-86,text,true,,275,224,1,1,http://localhost:3001/character/206,2,0,0
1750274191373,1,Character/id,200,OK,Thread Group 1-86,text,true,,275,157,1,1,http://localhost:3001/character/206,1,0,0
1750274191374,2,DELETE /character/id,200,OK,Thread Group 1-86,text,true,,293,179,2,2,http://localhost:3001/character/206,2,0,0
1750274191375,4,Characters,200,OK,Thread Group 1-87,text,true,,8117,154,1,1,http://localhost:3001/characters,4,0,1
1750274191380,3,Character,201,Created,Thread Group 1-87,text,true,,278,219,1,1,http://localhost:3001/character,3,0,0
1750274191383,2,PUT character/,200,OK,Thread Group 1-87,text,true,,275,224,1,1,http://localhost:3001/character/206,2,0,0
1750274191385,1,Character/id,200,OK,Thread Group 1-87,text,true,,275,157,1,1,http://localhost:3001/character/206,1,0,0
1750274191386,2,DELETE /character/id,200,OK,Thread Group 1-87,text,true,,293,179,2,2,http://localhost:3001/character/206,2,0,0
1750274191388,3,Characters,200,OK,Thread Group 1-88,text,true,,8117,154,1,1,http://localhost:3001/characters,3,0,1
1750274191391,2,Character,201,Created,Thread Group 1-88,text,true,,278,219,1,1,http://localhost:3001/character,2,0,0
1750274191393,2,PUT character/,200,OK,Thread Group 1-88,text,true,,275,224,2,2,http://localhost:3001/character/206,2,0,0
1750274191394,3,Characters,200,OK,Thread Group 1-89,text,true,,8158,154,2,2,http://localhost:3001/characters,3,0,0
1750274191396,3,Character/id,200,OK,Thread Group 1-88,text,true,,275,157,2,2,http://localhost:3001/character/206,3,0,0
1750274191398,2,Character,201,Created,Thread Group 1-89,text,true,,278,219,2,2,http://localhost:3001/character,2,0,0
1750274191399,2,DELETE /character/id,200,OK,Thread Group 1-88,text,true,,293,179,2,2,http://localhost:3001/character/206,2,0,0
1750274191400,1,PUT character/,200,OK,Thread Group 1-89,text,true,,275,224,1,1,http://localhost:3001/character/207,1,0,0
1750274191402,1,Character/id,200,OK,Thread Group 1-89,text,true,,275,157,1,1,http://localhost:3001/character/207,1,0,0
1750274191403,2,DELETE /character/id,200,OK,Thread Group 1-89,text,true,,293,179,1,1,http://localhost:3001/character/207,2,0,0
1750274191407,3,Characters,200,OK,Thread Group 1-90,text,true,,8117,154,1,1,http://localhost:3001/characters,3,0,1
1750274191410,2,Character,201,Created,Thread Group 1-90,text,true,,278,219,1,1,http://localhost:3001/character,2,0,0
1750274191413,2,PUT character/,200,OK,Thread Group 1-90,text,true,,275,224,2,2,http://localhost:3001/character/206,2,0,0
1750274191415,2,Character/id,200,OK,Thread Group 1-90,text,true,,275,157,2,2,http://localhost:3001/character/206,2,0,0
1750274191415,3,Characters,200,OK,Thread Group 1-91,text,true,,8158,154,2,2,http://localhost:3001/characters,3,0,0
1750274191417,1,DELETE /character/id,200,OK,Thread Group 1-90,text,true,,293,179,2,2,http://localhost:3001/character/206,1,0,0
1750274191418,1,Character,201,Created,Thread Group 1-91,text,true,,278,219,1,1,http://localhost:3001/character,1,0,0
1750274191419,3,PUT character/,200,OK,Thread Group 1-91,text,true,,275,224,1,1,http://localhost:3001/character/206,3,0,0
1750274191422,1,Character/id,200,OK,Thread Group 1-91,text,true,,275,157,1,1,http://localhost:3001/character/206,1,0,0
1750274191424,1,DELETE /character/id,200,OK,Thread Group 1-91,text,true,,293,179,1,1,http://localhost:3001/character/206,1,0,0
1750274191428,4,Characters,200,OK,Thread Group 1-92,text,true,,8117,154,1,1,http://localhost:3001/characters,4,0,1
1750274191432,2,Character,201,Created,Thread Group 1-92,text,true,,278,219,1,1,http://localhost:3001/character,2,0,0
1750274191434,1,PUT character/,200,OK,Thread Group 1-92,text,true,,275,224,1,1,http://localhost:3001/character/206,1,0,0
1750274191435,1,Character/id,200,OK,Thread Group 1-92,text,true,,275,157,1,1,http://localhost:3001/character/206,1,0,0
1750274191436,2,DELETE /character/id,200,OK,Thread Group 1-92,text,true,,293,179,1,1,http://localhost:3001/character/206,2,0,0
1750274191439,3,Characters,200,OK,Thread Group 1-93,text,true,,8117,154,1,1,http://localhost:3001/characters,3,0,1
1750274191442,2,Character,201,Created,Thread Group 1-93,text,true,,278,219,1,1,http://localhost:3001/character,2,0,0
1750274191444,2,PUT character/,200,OK,Thread Group 1-93,text,true,,275,224,1,1,http://localhost:3001/character/206,2,0,0
1750274191446,2,Character/id,200,OK,Thread Group 1-93,text,true,,275,157,1,1,http://localhost:3001/character/206,2,0,0
1750274191448,2,DELETE /character/id,200,OK,Thread Group 1-93,text,true,,293,179,2,2,http://localhost:3001/character/206,2,0,0
1750274191449,3,Characters,200,OK,Thread Group 1-94,text,true,,8117,154,1,1,http://localhost:3001/characters,3,0,0
1750274191452,2,Character,201,Created,Thread Group 1-94,text,true,,278,219,1,1,http://localhost:3001/character,2,0,0
1750274191454,2,PUT character/,200,OK,Thread Group 1-94,text,true,,275,224,2,2,http://localhost:3001/character/206,2,0,0
1750274191455,3,Characters,200,OK,Thread Group 1-95,text,true,,8158,154,2,2,http://localhost:3001/characters,3,0,1
1750274191457,1,Character/id,200,OK,Thread Group 1-94,text,true,,275,157,2,2,http://localhost:3001/character/206,1,0,0
1750274191458,1,Character,201,Created,Thread Group 1-95,text,true,,278,219,2,2,http://localhost:3001/character,1,0,0
1750274191459,1,DELETE /character/id,200,OK,Thread Group 1-94,text,true,,293,179,2,2,http://localhost:3001/character/206,1,0,0
1750274191460,2,PUT character/,200,OK,Thread Group 1-95,text,true,,275,224,1,1,http://localhost:3001/character/207,2,0,0
1750274191462,2,Character/id,200,OK,Thread Group 1-95,text,true,,275,157,1,1,http://localhost:3001/character/207,2,0,0
1750274191465,1,DELETE /character/id,200,OK,Thread Group 1-95,text,true,,293,179,2,2,http://localhost:3001/character/207,1,0,0
1750274191466,2,Characters,200,OK,Thread Group 1-96,text,true,,8117,154,1,1,http://localhost:3001/characters,2,0,0
1750274191469,2,Character,201,Created,Thread Group 1-96,text,true,,278,219,1,1,http://localhost:3001/character,2,0,0
1750274191471,1,PUT character/,200,OK,Thread Group 1-96,text,true,,275,224,1,1,http://localhost:3001/character/206,1,0,0
1750274191473,1,Character/id,200,OK,Thread Group 1-96,text,true,,275,157,1,1,http://localhost:3001/character/206,1,0,0
1750274191474,2,DELETE /character/id,200,OK,Thread Group 1-96,text,true,,293,179,1,1,http://localhost:3001/character/206,2,0,0
1750274191476,5,Characters,200,OK,Thread Group 1-97,text,true,,8117,154,1,1,http://localhost:3001/characters,5,0,1
1750274191481,2,Character,201,Created,Thread Group 1-97,text,true,,278,219,1,1,http://localhost:3001/character,2,0,0
1750274191484,2,PUT character/,200,OK,Thread Group 1-97,text,true,,275,224,2,2,http://localhost:3001/character/206,2,0,0
1750274191485,3,Characters,200,OK,Thread Group 1-98,text,true,,8158,154,2,2,http://localhost:3001/characters,3,0,0
1750274191487,2,Character/id,200,OK,Thread Group 1-97,text,true,,275,157,2,2,http://localhost:3001/character/206,2,0,0
1750274191488,2,Character,201,Created,Thread Group 1-98,text,true,,278,219,2,2,http://localhost:3001/character,2,0,0
1750274191489,2,DELETE /character/id,200,OK,Thread Group 1-97,text,true,,293,179,2,2,http://localhost:3001/character/206,2,0,0
1750274191491,3,PUT character/,200,OK,Thread Group 1-98,text,true,,275,224,1,1,http://localhost:3001/character/207,3,0,0
1750274191494,4,Character/id,200,OK,Thread Group 1-98,text,true,,275,157,2,2,http://localhost:3001/character/207,4,0,0
1750274191496,5,Characters,200,OK,Thread Group 1-99,text,true,,8158,154,2,2,http://localhost:3001/characters,5,0,2
1750274191499,3,DELETE /character/id,200,OK,Thread Group 1-98,text,true,,293,179,2,2,http://localhost:3001/character/207,3,0,0
1750274191501,2,Character,201,Created,Thread Group 1-99,text,true,,278,219,1,1,http://localhost:3001/character,2,0,0
1750274191503,3,PUT character/,200,OK,Thread Group 1-99,text,true,,275,224,2,2,http://localhost:3001/character/206,3,0,0
1750274191504,4,Characters,200,OK,Thread Group 1-100,text,true,,8158,154,2,2,http://localhost:3001/characters,4,0,1
1750274191506,4,Character/id,200,OK,Thread Group 1-99,text,true,,275,157,2,2,http://localhost:3001/character/206,4,0,0
1750274191509,3,Character,201,Created,Thread Group 1-100,text,true,,278,219,2,2,http://localhost:3001/character,3,0,0
1750274191511,4,DELETE /character/id,200,OK,Thread Group 1-99,text,true,,293,179,2,2,http://localhost:3001/character/206,4,0,0
1750274191514,1,PUT character/,200,OK,Thread Group 1-100,text,true,,275,224,1,1,http://localhost:3001/character/207,1,0,0
1750274191516,2,Character/id,200,OK,Thread Group 1-100,text,true,,275,157,1,1,http://localhost:3001/character/207,2,0,0
1750274191518,2,DELETE /character/id,200,OK,Thread Group 1-100,text,true,,293,179,1,1,http://localhost:3001/character/207,2,0,0
